               epoch,      train/box_loss,      train/obj_loss,      train/cls_loss,   metrics/precision,      metrics/recall,     metrics/mAP_0.5,metrics/mAP_0.5:0.95,        val/box_loss,        val/obj_loss,        val/cls_loss,               x/lr0,               x/lr1,               x/lr2
                   0,             0.11105,            0.028192,                   0,           0.0053274,                0.08,           0.0086716,            0.001641,            0.085699,            0.020998,                   0,              0.0784,              0.0024,              0.0024
                   1,            0.088207,            0.024137,                   0,           0.0021333,                0.64,           0.0038735,          0.00089734,            0.079724,            0.014899,                   0,            0.055851,           0.0048515,           0.0048515
                   2,            0.082801,            0.019675,                   0,              0.0024,                0.72,             0.01308,           0.0040597,            0.081999,            0.012249,                   0,            0.033253,           0.0072535,           0.0072535
